Time,tavolaRotante.posizioneAttuale,braccioSx.posizioneAttuale,braccioDx.posizioneAttuale,tavolaRotante.acceso,tavolaRotante.referenziato,tavolaRotante.inPos1,tavolaRotante.inPos2,braccioSx.asseAcceso,braccioSx.asseReferenziato,braccioSx.pinzaAperta,braccioSx.pinzaChiusa,braccioSx.inPosAlta,braccioSx.inPosBassa,braccioDx.asseAcceso,braccioDx.asseReferenziato,braccioDx.pinzaAperta,braccioDx.pinzaChiusa,braccioDx.inPosAlta,braccioDx.inPosBassa,start
2024-04-24T08:24:38.1611286Z,269.999,5,0,true,true,true,false,true,true,true,false,true,false,true,true,true,false,false,false,true
2024-04-24T08:24:39.1612376Z,3.6990000000000003,5,0,true,true,false,false,true,true,true,false,true,false,true,true,true,false,false,false,true
2024-04-24T08:24:40.1612718Z,90.087,5,0,true,true,false,true,true,true,true,false,true,false,true,true,true,false,false,false,true
2024-04-24T08:24:41.1611946Z,90,5,0,true,true,false,true,true,true,true,false,true,false,true,true,true,false,false,false,true
2024-04-24T08:24:42.1612167Z,90,5,0,true,true,false,true,true,true,true,false,true,false,true,true,true,false,false,false,true
2024-04-24T08:24:43.1612460Z,90,5,0,true,true,false,true,true,true,true,false,true,false,true,true,true,false,false,false,true
2024-04-24T08:24:44.1613288Z,90,5,0,true,true,false,true,true,true,true,false,true,false,true,true,true,false,false,false,true
2024-04-24T08:24:45.1612554Z,90,5,94.199,true,true,false,true,true,true,true,false,true,false,true,true,true,false,false,false,true
2024-04-24T08:24:46.1612499Z,90,5,100,true,true,false,true,true,true,true,false,true,false,true,true,true,false,false,true,true
2024-04-24T08:24:47.1613249Z,90,5,100,true,true,false,true,true,true,true,false,true,false,true,true,true,false,false,true,true
2024-04-24T08:24:48.1610336Z,90,5,100,true,true,false,true,true,true,true,false,true,false,true,true,false,false,false,true,true
2024-04-24T08:24:49.1614376Z,90,5,100,true,true,false,true,true,true,true,false,true,false,true,true,false,true,false,true,true
2024-04-24T08:24:50.1611503Z,90,5,100,true,true,false,true,true,true,true,false,true,false,true,true,false,true,false,true,true
2024-04-24T08:24:51.1612903Z,90,5,100,true,true,false,true,true,true,true,false,true,false,true,true,false,true,false,true,true
2024-04-24T08:24:52.1613111Z,90,5,6.207,true,true,false,true,true,true,true,false,true,false,true,true,false,true,false,false,true
2024-04-24T08:24:53.1613867Z,90,5,5,true,true,false,true,true,true,true,false,true,false,true,true,false,true,true,false,true
2024-04-24T08:24:54.1613078Z,90,5,5,true,true,false,true,true,true,true,false,true,false,true,true,false,true,true,false,true
2024-04-24T08:24:55.1611007Z,90,5,5,true,true,false,true,true,true,true,false,true,false,true,true,false,true,true,false,true
2024-04-24T08:24:56.1613643Z,90,5,5,true,true,false,true,true,true,true,false,true,false,true,true,false,true,true,false,true
2024-04-24T08:24:57.1610306Z,90,5,5,true,true,false,true,true,true,true,false,true,false,true,true,false,true,true,false,true
2024-04-24T08:24:58.1611436Z,90,5,5,true,true,false,true,true,true,true,false,true,false,true,true,false,true,true,false,true
2024-04-24T08:24:59.1613664Z,90,5,5,true,true,false,true,true,true,true,false,true,false,true,true,false,true,true,false,true
2024-04-24T08:25:00.1612762Z,90,5,98.792,true,true,false,true,true,true,true,false,true,false,true,true,false,true,false,false,true
2024-04-24T08:25:01.1612258Z,90,5,100,true,true,false,true,true,true,true,false,true,false,true,true,false,true,false,true,true
2024-04-24T08:25:02.1613133Z,90,5,100,true,true,false,true,true,true,true,false,true,false,true,true,false,true,false,true,true
2024-04-24T08:25:03.1612203Z,90,5,100,true,true,false,true,true,true,true,false,true,false,true,true,false,false,false,true,true
2024-04-24T08:25:04.1613290Z,90,5,100,true,true,false,true,true,true,true,false,true,false,true,true,true,false,false,true,true
2024-04-24T08:25:05.1613511Z,90,5,100,true,true,false,true,true,true,true,false,true,false,true,true,true,false,false,true,true
2024-04-24T08:25:06.1611464Z,90,5,100,true,true,false,true,true,true,true,false,true,false,true,true,true,false,false,true,true
2024-04-24T08:25:07.1612594Z,90,5,6.207,true,true,false,true,true,true,true,false,true,false,true,true,true,false,false,false,true
2024-04-24T08:25:08.1612368Z,90,5,5,true,true,false,true,true,true,true,false,true,false,true,true,true,false,true,false,true
2024-04-24T08:25:09.1612822Z,90,5,5,true,true,false,true,true,true,true,false,true,false,true,true,true,false,true,false,true
2024-04-24T08:25:10.1611534Z,90,5,5,true,true,false,true,true,true,true,false,true,false,true,true,true,false,true,false,true
2024-04-24T08:25:11.1612675Z,90,5,5,true,true,false,true,true,true,true,false,true,false,true,true,true,false,true,false,true
2024-04-24T08:25:12.1612984Z,90,5,5,true,true,false,true,true,true,true,false,true,false,true,true,true,false,true,false,true
2024-04-24T08:25:13.1612365Z,90,5,5,true,true,false,true,true,true,true,false,true,false,true,true,true,false,true,false,true
2024-04-24T08:25:14.1612176Z,90,5,5,true,true,false,true,true,true,true,false,true,false,true,true,true,false,true,false,true
2024-04-24T08:25:15.1610291Z,90,5,5,true,true,false,true,true,true,true,false,true,false,true,true,true,false,true,false,true
2024-04-24T08:25:16.1611199Z,90,5,5,true,true,false,true,true,true,true,false,true,false,true,true,true,false,true,false,true
2024-04-24T08:25:17.1611336Z,183.699,5,5,true,true,false,false,true,true,true,false,true,false,true,true,true,false,true,false,true
2024-04-24T08:25:18.1611377Z,270.087,5,5,true,true,true,false,true,true,true,false,true,false,true,true,true,false,true,false,true
2024-04-24T08:25:19.1612379Z,270,5,5,true,true,true,false,true,true,true,false,true,false,true,true,true,false,true,false,true
2024-04-24T08:25:20.1612854Z,270,5,5,true,true,true,false,true,true,true,false,true,false,true,true,true,false,true,false,true
2024-04-24T08:25:21.1612141Z,270,5,5,true,true,true,false,true,true,true,false,true,false,true,true,true,false,true,false,true
2024-04-24T08:25:22.1613930Z,270,5,5,true,true,true,false,true,true,true,false,true,false,true,true,true,false,true,false,true
2024-04-24T08:25:23.1613956Z,270,98.792,5,true,true,true,false,true,true,true,false,false,false,true,true,true,false,true,false,true
2024-04-24T08:25:24.1611086Z,270,100,5,true,true,true,false,true,true,true,false,false,true,true,true,true,false,true,false,true
2024-04-24T08:25:25.1612182Z,270,100,5,true,true,true,false,true,true,true,false,false,true,true,true,true,false,true,false,true
2024-04-24T08:25:26.1612820Z,270,100,5,true,true,true,false,true,true,false,false,false,true,true,true,true,false,true,false,true
2024-04-24T08:25:27.1612774Z,270,100,5,true,true,true,false,true,true,false,true,false,true,true,true,true,false,true,false,true
2024-04-24T08:25:28.1612130Z,270,100,5,true,true,true,false,true,true,false,true,false,true,true,true,true,false,true,false,true
2024-04-24T08:25:29.1614884Z,270,100,5,true,true,true,false,true,true,false,true,false,true,true,true,true,false,true,false,true
2024-04-24T08:25:30.1611673Z,270,6.207,5,true,true,true,false,true,true,false,true,false,false,true,true,true,false,true,false,true
2024-04-24T08:25:31.1615672Z,270,5,5,true,true,true,false,true,true,false,true,true,false,true,true,true,false,true,false,true
2024-04-24T08:25:32.1611719Z,270,5,5,true,true,true,false,true,true,false,true,true,false,true,true,true,false,true,false,true
2024-04-24T08:25:33.1611730Z,270,5,5,true,true,true,false,true,true,false,true,true,false,true,true,true,false,true,false,true
2024-04-24T08:25:34.1612221Z,270,5,5,true,true,true,false,true,true,false,true,true,false,true,true,true,false,true,false,true
2024-04-24T08:25:35.1611811Z,270,5,5,true,true,true,false,true,true,false,true,true,false,true,true,true,false,true,false,true
2024-04-24T08:25:36.1613267Z,270,5,5,true,true,true,false,true,true,false,true,true,false,true,true,true,false,true,false,true
2024-04-24T08:25:37.1614748Z,270,5,5,true,true,true,false,true,true,false,true,true,false,true,true,true,false,true,false,true
2024-04-24T08:25:38.1611402Z,270,98.792,5,true,true,true,false,true,true,false,true,false,false,true,true,true,false,true,false,true
2024-04-24T08:25:39.1612522Z,270,100,5,true,true,true,false,true,true,false,true,false,true,true,true,true,false,true,false,true
2024-04-24T08:25:40.1612087Z,270,100,5,true,true,true,false,true,true,false,true,false,true,true,true,true,false,true,false,true
2024-04-24T08:25:41.1611500Z,270,100,5,true,true,true,false,true,true,false,false,false,true,true,true,true,false,true,false,true
2024-04-24T08:25:42.1611670Z,270,100,5,true,true,true,false,true,true,true,false,false,true,true,true,true,false,true,false,true
2024-04-24T08:25:43.1611714Z,270,100,5,true,true,true,false,true,true,true,false,false,true,true,true,true,false,true,false,true
2024-04-24T08:25:44.1611765Z,270,100,5,true,true,true,false,true,true,true,false,false,true,true,true,true,false,true,false,true
2024-04-24T08:25:45.1611405Z,270,6.207,5,true,true,true,false,true,true,true,false,false,false,true,true,true,false,true,false,true
2024-04-24T08:25:46.1611028Z,270,5,5,true,true,true,false,true,true,true,false,true,false,true,true,true,false,true,false,true
2024-04-24T08:25:47.1611582Z,270,5,5,true,true,true,false,true,true,true,false,true,false,true,true,true,false,true,false,true
2024-04-24T08:25:48.1611436Z,270,5,5,true,true,true,false,true,true,true,false,true,false,true,true,true,false,true,false,true
2024-04-24T08:25:49.1612281Z,270,5,5,true,true,true,false,true,true,true,false,true,false,true,true,true,false,true,false,true
2024-04-24T08:25:50.1610704Z,270,5,5,true,true,true,false,true,true,true,false,true,false,true,true,true,false,true,false,true
2024-04-24T08:25:51.1610017Z,3.6990000000000003,5,5,true,true,false,false,true,true,true,false,true,false,true,true,true,false,true,false,true
2024-04-24T08:25:52.1611188Z,90.087,5,5,true,true,false,true,true,true,true,false,true,false,true,true,true,false,true,false,true
2024-04-24T08:25:53.1611650Z,89.999,5,5,true,true,false,true,true,true,true,false,true,false,true,true,true,false,true,false,true
2024-04-24T08:25:54.1611640Z,89.999,5,5,true,true,false,true,true,true,true,false,true,false,true,true,true,false,true,false,true
2024-04-24T08:25:55.1612287Z,89.999,5,5,true,true,false,true,true,true,true,false,true,false,true,true,true,false,true,false,true
2024-04-24T08:25:56.1612604Z,89.999,5,5,true,true,false,true,true,true,true,false,true,false,true,true,true,false,true,false,true
2024-04-24T08:25:57.1610786Z,89.999,5,98.792,true,true,false,true,true,true,true,false,true,false,true,true,true,false,false,false,true
2024-04-24T08:25:58.1610716Z,89.999,5,100,true,true,false,true,true,true,true,false,true,false,true,true,true,false,false,true,true
2024-04-24T08:25:59.1611523Z,89.999,5,100,true,true,false,true,true,true,true,false,true,false,true,true,true,false,false,true,true
2024-04-24T08:26:00.1609830Z,89.999,5,100,true,true,false,true,true,true,true,false,true,false,true,true,false,false,false,true,true
2024-04-24T08:26:01.1613443Z,89.999,5,100,true,true,false,true,true,true,true,false,true,false,true,true,false,true,false,true,true
2024-04-24T08:26:02.1612209Z,89.999,5,100,true,true,false,true,true,true,true,false,true,false,true,true,false,true,false,true,true
2024-04-24T08:26:03.1611328Z,89.999,5,100,true,true,false,true,true,true,true,false,true,false,true,true,false,true,false,true,true
2024-04-24T08:26:04.1610714Z,89.999,5,6.207,true,true,false,true,true,true,true,false,true,false,true,true,false,true,false,false,true
2024-04-24T08:26:05.1611048Z,89.999,5,5,true,true,false,true,true,true,true,false,true,false,true,true,false,true,true,false,true
2024-04-24T08:26:06.1611758Z,89.999,5,5,true,true,false,true,true,true,true,false,true,false,true,true,false,true,true,false,true
2024-04-24T08:26:07.1610658Z,89.999,5,5,true,true,false,true,true,true,true,false,true,false,true,true,false,true,true,false,true
2024-04-24T08:26:08.1611422Z,89.999,5,5,true,true,false,true,true,true,true,false,true,false,true,true,false,true,true,false,true
2024-04-24T08:26:09.1611664Z,89.999,5,5,true,true,false,true,true,true,true,false,true,false,true,true,false,true,true,false,true
2024-04-24T08:26:10.1611462Z,89.999,5,5,true,true,false,true,true,true,true,false,true,false,true,true,false,true,true,false,true
2024-04-24T08:26:11.1611311Z,89.999,5,5,true,true,false,true,true,true,true,false,true,false,true,true,false,true,true,false,true
2024-04-24T08:26:12.1611503Z,89.999,5,98.792,true,true,false,true,true,true,true,false,true,false,true,true,false,true,false,false,true
2024-04-24T08:26:13.1612370Z,89.999,5,100,true,true,false,true,true,true,true,false,true,false,true,true,false,true,false,true,true
2024-04-24T08:26:14.1610818Z,89.999,5,100,true,true,false,true,true,true,true,false,true,false,true,true,false,true,false,true,true
2024-04-24T08:26:15.1611909Z,89.999,5,100,true,true,false,true,true,true,true,false,true,false,true,true,false,false,false,true,true
2024-04-24T08:26:16.1610908Z,89.999,5,100,true,true,false,true,true,true,true,false,true,false,true,true,true,false,false,true,true
2024-04-24T08:26:17.1611572Z,89.999,5,100,true,true,false,true,true,true,true,false,true,false,true,true,true,false,false,true,true
2024-04-24T08:26:18.1610462Z,89.999,5,100,true,true,false,true,true,true,true,false,true,false,true,true,true,false,false,true,true
2024-04-24T08:26:19.1611475Z,89.999,5,6.207,true,true,false,true,true,true,true,false,true,false,true,true,true,false,false,false,true
2024-04-24T08:26:20.1611701Z,89.999,5,5,true,true,false,true,true,true,true,false,true,false,true,true,true,false,true,false,true
2024-04-24T08:26:21.1610843Z,89.999,5,5,true,true,false,true,true,true,true,false,true,false,true,true,true,false,true,false,true
2024-04-24T08:26:22.1611004Z,89.999,5,5,true,true,false,true,true,true,true,false,true,false,true,true,true,false,true,false,true
2024-04-24T08:26:23.1612384Z,89.999,5,5,true,true,false,true,true,true,true,false,true,false,true,true,true,false,true,false,true
2024-04-24T08:26:24.1610712Z,89.999,5,5,true,true,false,true,true,true,true,false,true,false,true,true,true,false,true,false,true
2024-04-24T08:26:25.1612850Z,89.999,5,5,true,true,false,true,true,true,true,false,true,false,true,true,true,false,true,false,true
2024-04-24T08:26:26.1610720Z,89.999,5,5,true,true,false,true,true,true,true,false,true,false,true,true,true,false,true,false,true
2024-04-24T08:26:27.1609551Z,89.999,5,5,true,true,false,true,true,true,true,false,true,false,true,true,true,false,true,false,true
2024-04-24T08:26:28.1610457Z,89.999,5,5,true,true,false,true,true,true,true,false,true,false,true,true,true,false,true,false,true
2024-04-24T08:26:29.1611874Z,183.699,5,5,true,true,false,false,true,true,true,false,true,false,true,true,true,false,true,false,true
2024-04-24T08:26:30.1613716Z,270.087,5,5,true,true,true,false,true,true,true,false,true,false,true,true,true,false,true,false,true
2024-04-24T08:26:31.1612588Z,269.999,5,5,true,true,true,false,true,true,true,false,true,false,true,true,true,false,true,false,true
2024-04-24T08:26:32.1610844Z,269.999,5,5,true,true,true,false,true,true,true,false,true,false,true,true,true,false,true,false,true
2024-04-24T08:26:33.1609556Z,269.999,5,5,true,true,true,false,true,true,true,false,true,false,true,true,true,false,true,false,true
2024-04-24T08:26:34.1611676Z,269.999,5,5,true,true,true,false,true,true,true,false,true,false,true,true,true,false,true,false,true
2024-04-24T08:26:35.1611053Z,269.999,98.792,5,true,true,true,false,true,true,true,false,false,false,true,true,true,false,true,false,true
2024-04-24T08:26:36.1609398Z,269.999,100,5,true,true,true,false,true,true,true,false,false,true,true,true,true,false,true,false,true
2024-04-24T08:26:37.1611070Z,269.999,100,5,true,true,true,false,true,true,true,false,false,true,true,true,true,false,true,false,true
2024-04-24T08:26:38.1610546Z,269.999,100,5,true,true,true,false,true,true,false,false,false,true,true,true,true,false,true,false,true
2024-04-24T08:26:39.1610710Z,269.999,100,5,true,true,true,false,true,true,false,true,false,true,true,true,true,false,true,false,true
2024-04-24T08:26:40.1611889Z,269.999,100,5,true,true,true,false,true,true,false,true,false,true,true,true,true,false,true,false,true
2024-04-24T08:26:41.1610988Z,269.999,100,5,true,true,true,false,true,true,false,true,false,true,true,true,true,false,true,false,true
2024-04-24T08:26:42.1612428Z,269.999,6.207,5,true,true,true,false,true,true,false,true,false,false,true,true,true,false,true,false,true
2024-04-24T08:26:43.1611007Z,269.999,5,5,true,true,true,false,true,true,false,true,true,false,true,true,true,false,true,false,true
2024-04-24T08:26:44.1610250Z,269.999,5,5,true,true,true,false,true,true,false,true,true,false,true,true,true,false,true,false,true
2024-04-24T08:26:45.1611809Z,269.999,5,5,true,true,true,false,true,true,false,true,true,false,true,true,true,false,true,false,true
2024-04-24T08:26:46.1612548Z,269.999,5,5,true,true,true,false,true,true,false,true,true,false,true,true,true,false,true,false,true
2024-04-24T08:26:47.1613073Z,269.999,5,5,true,true,true,false,true,true,false,true,true,false,true,true,true,false,true,false,true
2024-04-24T08:26:48.1610996Z,269.999,5,5,true,true,true,false,true,true,false,true,true,false,true,true,true,false,true,false,true
2024-04-24T08:26:49.1611456Z,269.999,5,5,true,true,true,false,true,true,false,true,true,false,true,true,true,false,true,false,true
2024-04-24T08:26:50.1610977Z,269.999,98.792,5,true,true,true,false,true,true,false,true,false,false,true,true,true,false,true,false,true
2024-04-24T08:26:51.1610441Z,269.999,100,5,true,true,true,false,true,true,false,true,false,true,true,true,true,false,true,false,true
2024-04-24T08:26:52.1611775Z,269.999,100,5,true,true,true,false,true,true,false,true,false,true,true,true,true,false,true,false,true
2024-04-24T08:26:53.1611179Z,269.999,100,5,true,true,true,false,true,true,false,false,false,true,true,true,true,false,true,false,true
2024-04-24T08:26:54.1611201Z,269.999,100,5,true,true,true,false,true,true,true,false,false,true,true,true,true,false,true,false,true
2024-04-24T08:26:55.1611090Z,269.999,100,5,true,true,true,false,true,true,true,false,false,true,true,true,true,false,true,false,true
2024-04-24T08:26:56.1610757Z,269.999,100,5,true,true,true,false,true,true,true,false,false,true,true,true,true,false,true,false,true
2024-04-24T08:26:57.1611814Z,269.999,6.207,5,true,true,true,false,true,true,true,false,false,false,true,true,true,false,true,false,true
2024-04-24T08:26:58.1611306Z,269.999,5,5,true,true,true,false,true,true,true,false,true,false,true,true,true,false,true,false,true
2024-04-24T08:26:59.1611705Z,269.999,5,5,true,true,true,false,true,true,true,false,true,false,true,true,true,false,true,false,true
2024-04-24T08:27:00.1611051Z,269.999,5,5,true,true,true,false,true,true,true,false,true,false,true,true,true,false,true,false,true
2024-04-24T08:27:01.1610752Z,269.999,5,5,true,true,true,false,true,true,true,false,true,false,true,true,true,false,true,false,true
2024-04-24T08:27:02.1611248Z,269.999,5,5,true,true,true,false,true,true,true,false,true,false,true,true,true,false,true,false,true
2024-04-24T08:27:03.1611323Z,3.6990000000000003,5,5,true,true,false,false,true,true,true,false,true,false,true,true,true,false,true,false,true
2024-04-24T08:27:04.1613259Z,90.087,5,5,true,true,false,true,true,true,true,false,true,false,true,true,true,false,true,false,true
2024-04-24T08:27:05.1611505Z,90,5,5,true,true,false,true,true,true,true,false,true,false,true,true,true,false,true,false,true
2024-04-24T08:27:06.1610602Z,90,5,5,true,true,false,true,true,true,true,false,true,false,true,true,true,false,true,false,true
2024-04-24T08:27:07.1612031Z,90,5,5,true,true,false,true,true,true,true,false,true,false,true,true,true,false,true,false,true
2024-04-24T08:27:08.1610455Z,90,5,5,true,true,false,true,true,true,true,false,true,false,true,true,true,false,true,false,true
2024-04-24T08:27:09.1610395Z,90,5,98.792,true,true,false,true,true,true,true,false,true,false,true,true,true,false,false,false,true
2024-04-24T08:27:10.1613239Z,90,5,100,true,true,false,true,true,true,true,false,true,false,true,true,true,false,false,true,true
2024-04-24T08:27:11.1610169Z,90,5,100,true,true,false,true,true,true,true,false,true,false,true,true,true,false,false,true,true
2024-04-24T08:27:12.1612598Z,90,5,100,true,true,false,true,true,true,true,false,true,false,true,true,false,false,false,true,true
2024-04-24T08:27:13.1611670Z,90,5,100,true,true,false,true,true,true,true,false,true,false,true,true,false,true,false,true,true
2024-04-24T08:27:14.1610309Z,90,5,100,true,true,false,true,true,true,true,false,true,false,true,true,false,true,false,true,true
2024-04-24T08:27:15.1612298Z,90,5,100,true,true,false,true,true,true,true,false,true,false,true,true,false,true,false,true,true
2024-04-24T08:27:16.1611378Z,90,5,6.207,true,true,false,true,true,true,true,false,true,false,true,true,false,true,false,false,true
2024-04-24T08:27:17.1610924Z,90,5,5,true,true,false,true,true,true,true,false,true,false,true,true,false,true,true,false,true
2024-04-24T08:27:18.1611784Z,90,5,5,true,true,false,true,true,true,true,false,true,false,true,true,false,true,true,false,true
2024-04-24T08:27:19.1612373Z,90,5,5,true,true,false,true,true,true,true,false,true,false,true,true,false,true,true,false,true
2024-04-24T08:27:20.1612305Z,90,5,5,true,true,false,true,true,true,true,false,true,false,true,true,false,true,true,false,true
2024-04-24T08:27:21.1609467Z,90,5,5,true,true,false,true,true,true,true,false,true,false,true,true,false,true,true,false,true
2024-04-24T08:27:22.1613304Z,90,5,5,true,true,false,true,true,true,true,false,true,false,true,true,false,true,true,false,true
2024-04-24T08:27:23.1611784Z,90,5,5,true,true,false,true,true,true,true,false,true,false,true,true,false,true,true,false,true
2024-04-24T08:27:24.1611861Z,90,5,98.792,true,true,false,true,true,true,true,false,true,false,true,true,false,true,false,false,true
2024-04-24T08:27:25.1612457Z,90,5,100,true,true,false,true,true,true,true,false,true,false,true,true,false,true,false,true,true
2024-04-24T08:27:26.1610615Z,90,5,100,true,true,false,true,true,true,true,false,true,false,true,true,false,true,false,true,true
2024-04-24T08:27:27.1610721Z,90,5,100,true,true,false,true,true,true,true,false,true,false,true,true,false,false,false,true,true
2024-04-24T08:27:28.1611352Z,90,5,100,true,true,false,true,true,true,true,false,true,false,true,true,true,false,false,true,true
2024-04-24T08:27:29.1611085Z,90,5,100,true,true,false,true,true,true,true,false,true,false,true,true,true,false,false,true,true
2024-04-24T08:27:30.1610058Z,90,5,100,true,true,false,true,true,true,true,false,true,false,true,true,true,false,false,true,true
2024-04-24T08:27:31.1610591Z,90,5,6.207,true,true,false,true,true,true,true,false,true,false,true,true,true,false,false,false,true
2024-04-24T08:27:32.1611632Z,90,5,5,true,true,false,true,true,true,true,false,true,false,true,true,true,false,true,false,true
2024-04-24T08:27:33.1613133Z,90,5,5,true,true,false,true,true,true,true,false,true,false,true,true,true,false,true,false,true
2024-04-24T08:27:34.1610410Z,90,5,5,true,true,false,true,true,true,true,false,true,false,true,true,true,false,true,false,true
2024-04-24T08:27:35.1610795Z,90,5,5,true,true,false,true,true,true,true,false,true,false,true,true,true,false,true,false,true
2024-04-24T08:27:36.1612467Z,90,5,5,true,true,false,true,true,true,true,false,true,false,true,true,true,false,true,false,true
2024-04-24T08:27:37.1610587Z,90,5,5,true,true,false,true,true,true,true,false,true,false,true,true,true,false,true,false,true
2024-04-24T08:27:38.1610996Z,90,5,5,true,true,false,true,true,true,true,false,true,false,true,true,true,false,true,false,true
2024-04-24T08:27:39.1609214Z,90,5,5,true,true,false,true,true,true,true,false,true,false,true,true,true,false,true,false,true
2024-04-24T08:27:40.1611759Z,90,5,5,true,true,false,true,true,true,true,false,true,false,true,true,true,false,true,false,true
2024-04-24T08:27:41.1610004Z,183.699,5,5,true,true,false,false,true,true,true,false,true,false,true,true,true,false,true,false,true
2024-04-24T08:27:42.1610772Z,270.087,5,5,true,true,true,false,true,true,true,false,true,false,true,true,true,false,true,false,true
2024-04-24T08:27:43.1610618Z,269.999,5,5,true,true,true,false,true,true,true,false,true,false,true,true,true,false,true,false,true
2024-04-24T08:27:44.1611217Z,269.999,5,5,true,true,true,false,true,true,true,false,true,false,true,true,true,false,true,false,true
2024-04-24T08:27:45.1611324Z,269.999,5,5,true,true,true,false,true,true,true,false,true,false,true,true,true,false,true,false,true
2024-04-24T08:27:46.1610780Z,269.999,5,5,true,true,true,false,true,true,true,false,true,false,true,true,true,false,true,false,true
2024-04-24T08:27:47.1611726Z,269.999,98.792,5,true,true,true,false,true,true,true,false,false,false,true,true,true,false,true,false,true
2024-04-24T08:27:48.1609651Z,269.999,100,5,true,true,true,false,true,true,true,false,false,true,true,true,true,false,true,false,true
2024-04-24T08:27:49.1612842Z,269.999,100,5,true,true,true,false,true,true,true,false,false,true,true,true,true,false,true,false,true
2024-04-24T08:27:50.1610195Z,269.999,100,5,true,true,true,false,true,true,false,false,false,true,true,true,true,false,true,false,true
2024-04-24T08:27:51.1610246Z,269.999,100,5,true,true,true,false,true,true,false,true,false,true,true,true,true,false,true,false,true
2024-04-24T08:27:52.1610375Z,269.999,100,5,true,true,true,false,true,true,false,true,false,true,true,true,true,false,true,false,true
2024-04-24T08:27:53.1610738Z,269.999,100,5,true,true,true,false,true,true,false,true,false,true,true,true,true,false,true,false,true
2024-04-24T08:27:54.1610789Z,269.999,6.207,5,true,true,true,false,true,true,false,true,false,false,true,true,true,false,true,false,true
2024-04-24T08:27:55.1610663Z,269.999,5,5,true,true,true,false,true,true,false,true,true,false,true,true,true,false,true,false,true
2024-04-24T08:27:56.1611546Z,269.999,5,5,true,true,true,false,true,true,false,true,true,false,true,true,true,false,true,false,true
2024-04-24T08:27:57.1610532Z,269.999,5,5,true,true,true,false,true,true,false,true,true,false,true,true,true,false,true,false,true
2024-04-24T08:27:58.1611337Z,269.999,5,5,true,true,true,false,true,true,false,true,true,false,true,true,true,false,true,false,true
2024-04-24T08:27:59.1611100Z,269.999,5,5,true,true,true,false,true,true,false,true,true,false,true,true,true,false,true,false,true
2024-04-24T08:28:00.1609725Z,269.999,5,5,true,true,true,false,true,true,false,true,true,false,true,true,true,false,true,false,true
2024-04-24T08:28:01.1613020Z,269.999,5,5,true,true,true,false,true,true,false,true,true,false,true,true,true,false,true,false,true
2024-04-24T08:28:02.1610078Z,269.999,98.792,5,true,true,true,false,true,true,false,true,false,false,true,true,true,false,true,false,true
2024-04-24T08:28:03.1611726Z,269.999,100,5,true,true,true,false,true,true,false,true,false,true,true,true,true,false,true,false,true
2024-04-24T08:28:04.1610587Z,269.999,100,5,true,true,true,false,true,true,false,true,false,true,true,true,true,false,true,false,true
2024-04-24T08:28:05.1610366Z,269.999,100,5,true,true,true,false,true,true,false,false,false,true,true,true,true,false,true,false,true
2024-04-24T08:28:06.1609076Z,269.999,100,5,true,true,true,false,true,true,true,false,false,true,true,true,true,false,true,false,true
2024-04-24T08:28:07.1610300Z,269.999,100,5,true,true,true,false,true,true,true,false,false,true,true,true,true,false,true,false,true
2024-04-24T08:28:08.1611339Z,269.999,100,5,true,true,true,false,true,true,true,false,false,true,true,true,true,false,true,false,true
2024-04-24T08:28:09.1610086Z,269.999,6.207,5,true,true,true,false,true,true,true,false,false,false,true,true,true,false,true,false,true
2024-04-24T08:28:10.1609994Z,269.999,5,5,true,true,true,false,true,true,true,false,true,false,true,true,true,false,true,false,true
2024-04-24T08:28:11.1610412Z,269.999,5,5,true,true,true,false,true,true,true,false,true,false,true,true,true,false,true,false,true
2024-04-24T08:28:12.1610284Z,269.999,5,5,true,true,true,false,true,true,true,false,true,false,true,true,true,false,true,false,true
2024-04-24T08:28:13.1611962Z,269.999,5,5,true,true,true,false,true,true,true,false,true,false,true,true,true,false,true,false,true
2024-04-24T08:28:14.1610694Z,269.999,5,5,true,true,true,false,true,true,true,false,true,false,true,true,true,false,true,false,true
2024-04-24T08:28:15.1610311Z,3.6990000000000003,5,5,true,true,false,false,true,true,true,false,true,false,true,true,true,false,true,false,true
2024-04-24T08:28:16.1610358Z,90.087,5,5,true,true,false,true,true,true,true,false,true,false,true,true,true,false,true,false,true
2024-04-24T08:28:17.1610314Z,89.999,5,5,true,true,false,true,true,true,true,false,true,false,true,true,true,false,true,false,true
2024-04-24T08:28:18.1609822Z,89.999,5,5,true,true,false,true,true,true,true,false,true,false,true,true,true,false,true,false,true
2024-04-24T08:28:19.1609975Z,89.999,5,5,true,true,false,true,true,true,true,false,true,false,true,true,true,false,true,false,true
2024-04-24T08:28:20.1610505Z,89.999,5,5,true,true,false,true,true,true,true,false,true,false,true,true,true,false,true,false,true
2024-04-24T08:28:21.1610522Z,89.999,5,98.792,true,true,false,true,true,true,true,false,true,false,true,true,true,false,false,false,true
2024-04-24T08:28:22.1610120Z,89.999,5,100,true,true,false,true,true,true,true,false,true,false,true,true,true,false,false,true,true
2024-04-24T08:28:23.1610445Z,89.999,5,100,true,true,false,true,true,true,true,false,true,false,true,true,true,false,false,true,true
2024-04-24T08:28:24.1609801Z,89.999,5,100,true,true,false,true,true,true,true,false,true,false,true,true,false,false,false,true,true
2024-04-24T08:28:25.1610218Z,89.999,5,100,true,true,false,true,true,true,true,false,true,false,true,true,false,true,false,true,true
2024-04-24T08:28:26.1610761Z,89.999,5,100,true,true,false,true,true,true,true,false,true,false,true,true,false,true,false,true,true
2024-04-24T08:28:27.1610250Z,89.999,5,100,true,true,false,true,true,true,true,false,true,false,true,true,false,true,false,true,true
2024-04-24T08:28:28.1609972Z,89.999,5,6.207,true,true,false,true,true,true,true,false,true,false,true,true,false,true,false,false,true
2024-04-24T08:28:29.1612348Z,89.999,5,5,true,true,false,true,true,true,true,false,true,false,true,true,false,true,true,false,true
2024-04-24T08:28:30.1611003Z,89.999,5,5,true,true,false,true,true,true,true,false,true,false,true,true,false,true,true,false,true
2024-04-24T08:28:31.1610887Z,89.999,5,5,true,true,false,true,true,true,true,false,true,false,true,true,false,true,true,false,true
2024-04-24T08:28:32.1612127Z,89.999,5,5,true,true,false,true,true,true,true,false,true,false,true,true,false,true,true,false,true
2024-04-24T08:28:33.1609944Z,89.999,5,5,true,true,false,true,true,true,true,false,true,false,true,true,false,true,true,false,true
2024-04-24T08:28:34.1610418Z,89.999,5,5,true,true,false,true,true,true,true,false,true,false,true,true,false,true,true,false,true
2024-04-24T08:28:35.1610358Z,89.999,5,5,true,true,false,true,true,true,true,false,true,false,true,true,false,true,true,false,true
2024-04-24T08:28:36.1610556Z,89.999,5,98.792,true,true,false,true,true,true,true,false,true,false,true,true,false,true,false,false,true
2024-04-24T08:28:37.1610844Z,89.999,5,100,true,true,false,true,true,true,true,false,true,false,true,true,false,true,false,true,true
2024-04-24T08:28:38.1609095Z,89.999,5,100,true,true,false,true,true,true,true,false,true,false,true,true,false,true,false,true,true
2024-04-24T08:28:39.1612275Z,89.999,5,100,true,true,false,true,true,true,true,false,true,false,true,true,false,false,false,true,true
2024-04-24T08:28:40.1609850Z,89.999,5,100,true,true,false,true,true,true,true,false,true,false,true,true,true,false,false,true,true
2024-04-24T08:28:41.1609455Z,89.999,5,100,true,true,false,true,true,true,true,false,true,false,true,true,true,false,false,true,true
2024-04-24T08:28:42.1611293Z,89.999,5,100,true,true,false,true,true,true,true,false,true,false,true,true,true,false,false,true,true
2024-04-24T08:28:43.1609926Z,89.999,5,6.207,true,true,false,true,true,true,true,false,true,false,true,true,true,false,false,false,true
2024-04-24T08:28:44.1609801Z,89.999,5,5,true,true,false,true,true,true,true,false,true,false,true,true,true,false,true,false,true
2024-04-24T08:28:45.1612425Z,89.999,5,5,true,true,false,true,true,true,true,false,true,false,true,true,true,false,true,false,true
2024-04-24T08:28:46.1610672Z,89.999,5,5,true,true,false,true,true,true,true,false,true,false,true,true,true,false,true,false,true
2024-04-24T08:28:47.1612400Z,89.999,5,5,true,true,false,true,true,true,true,false,true,false,true,true,true,false,true,false,true
2024-04-24T08:28:48.1609719Z,89.999,5,5,true,true,false,true,true,true,true,false,true,false,true,true,true,false,true,false,true
2024-04-24T08:28:49.1609863Z,89.999,5,5,true,true,false,true,true,true,true,false,true,false,true,true,true,false,true,false,true
2024-04-24T08:28:50.1609986Z,89.999,5,5,true,true,false,true,true,true,true,false,true,false,true,true,true,false,true,false,true
2024-04-24T08:28:51.1611181Z,89.999,5,5,true,true,false,true,true,true,true,false,true,false,true,true,true,false,true,false,true
2024-04-24T08:28:52.1613112Z,89.999,5,5,true,true,false,true,true,true,true,false,true,false,true,true,true,false,true,false,true
2024-04-24T08:28:53.1611723Z,183.699,5,5,true,true,false,false,true,true,true,false,true,false,true,true,true,false,true,false,true
2024-04-24T08:28:54.1609745Z,270.087,5,5,true,true,true,false,true,true,true,false,true,false,true,true,true,false,true,false,true
2024-04-24T08:28:55.1610544Z,270,5,5,true,true,true,false,true,true,true,false,true,false,true,true,true,false,true,false,true
2024-04-24T08:28:56.1610251Z,270,5,5,true,true,true,false,true,true,true,false,true,false,true,true,true,false,true,false,true
2024-04-24T08:28:57.1609163Z,270,5,5,true,true,true,false,true,true,true,false,true,false,true,true,true,false,true,false,true
2024-04-24T08:28:58.1609741Z,270,5,5,true,true,true,false,true,true,true,false,true,false,true,true,true,false,true,false,true
2024-04-24T08:28:59.1609609Z,270,98.792,5,true,true,true,false,true,true,true,false,false,false,true,true,true,false,true,false,true
2024-04-24T08:29:00.1610198Z,270,100,5,true,true,true,false,true,true,true,false,false,true,true,true,true,false,true,false,true
2024-04-24T08:29:01.1610031Z,270,100,5,true,true,true,false,true,true,true,false,false,true,true,true,true,false,true,false,true
2024-04-24T08:29:02.1611359Z,270,100,5,true,true,true,false,true,true,false,false,false,true,true,true,true,false,true,false,true
2024-04-24T08:29:03.1609842Z,270,100,5,true,true,true,false,true,true,false,true,false,true,true,true,true,false,true,false,true
2024-04-24T08:29:04.1609933Z,270,100,5,true,true,true,false,true,true,false,true,false,true,true,true,true,false,true,false,true
2024-04-24T08:29:05.1610015Z,270,100,5,true,true,true,false,true,true,false,true,false,true,true,true,true,false,true,false,true
2024-04-24T08:29:06.1610637Z,270,6.207,5,true,true,true,false,true,true,false,true,false,false,true,true,true,false,true,false,true
2024-04-24T08:29:07.1609739Z,270,5,5,true,true,true,false,true,true,false,true,true,false,true,true,true,false,true,false,true
2024-04-24T08:29:08.1610564Z,270,5,5,true,true,true,false,true,true,false,true,true,false,true,true,true,false,true,false,true
2024-04-24T08:29:09.1609977Z,270,5,5,true,true,true,false,true,true,false,true,true,false,true,true,true,false,true,false,true
2024-04-24T08:29:10.1611356Z,270,5,5,true,true,true,false,true,true,false,true,true,false,true,true,true,false,true,false,true
2024-04-24T08:29:11.1611771Z,270,5,5,true,true,true,false,true,true,false,true,true,false,true,true,true,false,true,false,true
2024-04-24T08:29:12.1609522Z,270,5,5,true,true,true,false,true,true,false,true,true,false,true,true,true,false,true,false,true
2024-04-24T08:29:13.1612229Z,270,5,5,true,true,true,false,true,true,false,true,true,false,true,true,true,false,true,false,true
2024-04-24T08:29:14.1609596Z,270,98.792,5,true,true,true,false,true,true,false,true,false,false,true,true,true,false,true,false,true
2024-04-24T08:29:15.1611640Z,270,100,5,true,true,true,false,true,true,false,true,false,true,true,true,true,false,true,false,true
2024-04-24T08:29:16.1610731Z,270,100,5,true,true,true,false,true,true,false,true,false,true,true,true,true,false,true,false,true
2024-04-24T08:29:17.1610384Z,270,100,5,true,true,true,false,true,true,false,false,false,true,true,true,true,false,true,false,true
2024-04-24T08:29:18.1609546Z,270,100,5,true,true,true,false,true,true,true,false,false,true,true,true,true,false,true,false,true
2024-04-24T08:29:19.1611260Z,270,100,5,true,true,true,false,true,true,true,false,false,true,true,true,true,false,true,false,true
2024-04-24T08:29:20.1609727Z,270,100,5,true,true,true,false,true,true,true,false,false,true,true,true,true,false,true,false,true
2024-04-24T08:29:21.1610674Z,270,6.207,5,true,true,true,false,true,true,true,false,false,false,true,true,true,false,true,false,true
2024-04-24T08:29:22.1611611Z,270,5,5,true,true,true,false,true,true,true,false,true,false,true,true,true,false,true,false,true
2024-04-24T08:29:23.1610221Z,270,5,5,true,true,true,false,true,true,true,false,true,false,true,true,true,false,true,false,true
2024-04-24T08:29:24.1610723Z,270,5,5,true,true,true,false,true,true,true,false,true,false,true,true,true,false,true,false,true
2024-04-24T08:29:25.1610885Z,270,5,5,true,true,true,false,true,true,true,false,true,false,true,true,true,false,true,false,true
2024-04-24T08:29:26.1609787Z,270,5,5,true,true,true,false,true,true,true,false,true,false,true,true,true,false,true,false,true
2024-04-24T08:29:27.1611304Z,3.6990000000000003,5,5,true,true,false,false,true,true,true,false,true,false,true,true,true,false,true,false,true
2024-04-24T08:29:28.1609981Z,90.087,5,5,true,true,false,true,true,true,true,false,true,false,true,true,true,false,true,false,true
2024-04-24T08:29:29.1609640Z,90,5,5,true,true,false,true,true,true,true,false,true,false,true,true,true,false,true,false,true
2024-04-24T08:29:30.1610246Z,90,5,5,true,true,false,true,true,true,true,false,true,false,true,true,true,false,true,false,true
2024-04-24T08:29:31.1609186Z,90,5,5,true,true,false,true,true,true,true,false,true,false,true,true,true,false,true,false,true
2024-04-24T08:29:32.1609681Z,90,5,5,true,true,false,true,true,true,true,false,true,false,true,true,true,false,true,false,true
2024-04-24T08:29:33.1610008Z,90,5,98.792,true,true,false,true,true,true,true,false,true,false,true,true,true,false,false,false,true
2024-04-24T08:29:34.1609715Z,90,5,100,true,true,false,true,true,true,true,false,true,false,true,true,true,false,false,true,true
2024-04-24T08:29:35.1609425Z,90,5,100,true,true,false,true,true,true,true,false,true,false,true,true,true,false,false,true,true
2024-04-24T08:29:36.1609634Z,90,5,100,true,true,false,true,true,true,true,false,true,false,true,true,false,false,false,true,true
2024-04-24T08:29:37.1609869Z,90,5,100,true,true,false,true,true,true,true,false,true,false,true,true,false,true,false,true,true
2024-04-24T08:29:38.1612225Z,90,5,100,true,true,false,true,true,true,true,false,true,false,true,true,false,true,false,true,true
2024-04-24T08:29:39.1610991Z,90,5,100,true,true,false,true,true,true,true,false,true,false,true,true,false,true,false,true,true
2024-04-24T08:29:40.1610985Z,90,5,6.207,true,true,false,true,true,true,true,false,true,false,true,true,false,true,false,false,true
2024-04-24T08:29:41.1609690Z,90,5,5,true,true,false,true,true,true,true,false,true,false,true,true,false,true,true,false,true
2024-04-24T08:29:42.1609905Z,90,5,5,true,true,false,true,true,true,true,false,true,false,true,true,false,true,true,false,true
2024-04-24T08:29:43.1611538Z,90,5,5,true,true,false,true,true,true,true,false,true,false,true,true,false,true,true,false,true
2024-04-24T08:29:44.1610573Z,90,5,5,true,true,false,true,true,true,true,false,true,false,true,true,false,true,true,false,true
2024-04-24T08:29:45.1609611Z,90,5,5,true,true,false,true,true,true,true,false,true,false,true,true,false,true,true,false,true
2024-04-24T08:29:46.1611367Z,90,5,5,true,true,false,true,true,true,true,false,true,false,true,true,false,true,true,false,true
2024-04-24T08:29:47.1610662Z,90,5,5,true,true,false,true,true,true,true,false,true,false,true,true,false,true,true,false,true
2024-04-24T08:29:48.1610046Z,90,5,98.792,true,true,false,true,true,true,true,false,true,false,true,true,false,true,false,false,true
2024-04-24T08:29:49.1610637Z,90,5,100,true,true,false,true,true,true,true,false,true,false,true,true,false,true,false,true,true
2024-04-24T08:29:50.1609816Z,90,5,100,true,true,false,true,true,true,true,false,true,false,true,true,false,true,false,true,true
2024-04-24T08:29:51.1609851Z,90,5,100,true,true,false,true,true,true,true,false,true,false,true,true,false,false,false,true,true
2024-04-24T08:29:52.1609721Z,90,5,100,true,true,false,true,true,true,true,false,true,false,true,true,true,false,false,true,true
2024-04-24T08:29:53.1609150Z,90,5,100,true,true,false,true,true,true,true,false,true,false,true,true,true,false,false,true,true
2024-04-24T08:29:54.1609324Z,90,5,100,true,true,false,true,true,true,true,false,true,false,true,true,true,false,false,true,true
2024-04-24T08:29:55.1609108Z,90,5,6.207,true,true,false,true,true,true,true,false,true,false,true,true,true,false,false,false,true
2024-04-24T08:29:56.1608937Z,90,5,5,true,true,false,true,true,true,true,false,true,false,true,true,true,false,true,false,true
2024-04-24T08:29:57.1610233Z,90,5,5,true,true,false,true,true,true,true,false,true,false,true,true,true,false,true,false,true
2024-04-24T08:29:58.1609964Z,90,5,5,true,true,false,true,true,true,true,false,true,false,true,true,true,false,true,false,true
2024-04-24T08:29:59.1609523Z,90,5,5,true,true,false,true,true,true,true,false,true,false,true,true,true,false,true,false,true
2024-04-24T08:30:00.1609421Z,90,5,5,true,true,false,true,true,true,true,false,true,false,true,true,true,false,true,false,true
2024-04-24T08:30:01.1609689Z,90,5,5,true,true,false,true,true,true,true,false,true,false,true,true,true,false,true,false,true
2024-04-24T08:30:02.1609601Z,90,5,5,true,true,false,true,true,true,true,false,true,false,true,true,true,false,true,false,true
2024-04-24T08:30:03.1608023Z,90,5,5,true,true,false,true,true,true,true,false,true,false,true,true,true,false,true,false,true
2024-04-24T08:30:04.1610104Z,90,5,5,true,true,false,true,true,true,true,false,true,false,true,true,true,false,true,false,true
2024-04-24T08:30:05.1609378Z,183.699,5,5,true,true,false,false,true,true,true,false,true,false,true,true,true,false,true,false,true
2024-04-24T08:30:06.1609164Z,270.087,5,5,true,true,true,false,true,true,true,false,true,false,true,true,true,false,true,false,true
2024-04-24T08:30:07.1609521Z,269.999,5,5,true,true,true,false,true,true,true,false,true,false,true,true,true,false,true,false,true
2024-04-24T08:30:08.1610037Z,269.999,5,5,true,true,true,false,true,true,true,false,true,false,true,true,true,false,true,false,true
2024-04-24T08:30:09.1611600Z,269.999,5,5,true,true,true,false,true,true,true,false,true,false,true,true,true,false,true,false,true
2024-04-24T08:30:10.1609587Z,269.999,5,5,true,true,true,false,true,true,true,false,true,false,true,true,true,false,true,false,true
2024-04-24T08:30:11.1609562Z,269.999,98.792,5,true,true,true,false,true,true,true,false,false,false,true,true,true,false,true,false,true
2024-04-24T08:30:12.1609543Z,269.999,100,5,true,true,true,false,true,true,true,false,false,true,true,true,true,false,true,false,true
2024-04-24T08:30:13.1609441Z,269.999,100,5,true,true,true,false,true,true,true,false,false,true,true,true,true,false,true,false,true
2024-04-24T08:30:14.1610055Z,269.999,100,5,true,true,true,false,true,true,false,false,false,true,true,true,true,false,true,false,true
2024-04-24T08:30:15.1611786Z,269.999,100,5,true,true,true,false,true,true,false,true,false,true,true,true,true,false,true,false,true
2024-04-24T08:30:16.1609951Z,269.999,100,5,true,true,true,false,true,true,false,true,false,true,true,true,true,false,true,false,true
2024-04-24T08:30:17.1609399Z,269.999,100,5,true,true,true,false,true,true,false,true,false,true,true,true,true,false,true,false,true
2024-04-24T08:30:18.1608260Z,269.999,6.207,5,true,true,true,false,true,true,false,true,false,false,true,true,true,false,true,false,true
2024-04-24T08:30:19.1610140Z,269.999,5,5,true,true,true,false,true,true,false,true,true,false,true,true,true,false,true,false,true
2024-04-24T08:30:20.1609990Z,269.999,5,5,true,true,true,false,true,true,false,true,true,false,true,true,true,false,true,false,true
2024-04-24T08:30:21.1608644Z,269.999,5,5,true,true,true,false,true,true,false,true,true,false,true,true,true,false,true,false,true
2024-04-24T08:30:22.1609683Z,269.999,5,5,true,true,true,false,true,true,false,true,true,false,true,true,true,false,true,false,true
2024-04-24T08:30:23.1610770Z,269.999,5,5,true,true,true,false,true,true,false,true,true,false,true,true,true,false,true,false,true
2024-04-24T08:30:24.1609324Z,269.999,5,5,true,true,true,false,true,true,false,true,true,false,true,true,true,false,true,false,true
2024-04-24T08:30:25.1610101Z,269.999,5,5,true,true,true,false,true,true,false,true,true,false,true,true,true,false,true,false,true
2024-04-24T08:30:26.1609810Z,269.999,98.792,5,true,true,true,false,true,true,false,true,false,false,true,true,true,false,true,false,true
2024-04-24T08:30:27.1612158Z,269.999,100,5,true,true,true,false,true,true,false,true,false,true,true,true,true,false,true,false,true
2024-04-24T08:30:28.1609322Z,269.999,100,5,true,true,true,false,true,true,false,true,false,true,true,true,true,false,true,false,true
2024-04-24T08:30:29.1609878Z,269.999,100,5,true,true,true,false,true,true,false,false,false,true,true,true,true,false,true,false,true
2024-04-24T08:30:30.1610867Z,269.999,100,5,true,true,true,false,true,true,true,false,false,true,true,true,true,false,true,false,true
2024-04-24T08:30:31.1608042Z,269.999,100,5,true,true,true,false,true,true,true,false,false,true,true,true,true,false,true,false,true
2024-04-24T08:30:32.1610707Z,269.999,100,5,true,true,true,false,true,true,true,false,false,true,true,true,true,false,true,false,true
2024-04-24T08:30:33.1611667Z,269.999,6.207,5,true,true,true,false,true,true,true,false,false,false,true,true,true,false,true,false,true
2024-04-24T08:30:34.1609938Z,269.999,5,5,true,true,true,false,true,true,true,false,true,false,true,true,true,false,true,false,true
2024-04-24T08:30:35.1611688Z,269.999,5,5,true,true,true,false,true,true,true,false,true,false,true,true,true,false,true,false,true
2024-04-24T08:30:36.1609231Z,269.999,5,5,true,true,true,false,true,true,true,false,true,false,true,true,true,false,true,false,true
2024-04-24T08:30:37.1610226Z,269.999,5,5,true,true,true,false,true,true,true,false,true,false,true,true,true,false,true,false,true
2024-04-24T08:30:38.1609426Z,269.999,5,5,true,true,true,false,true,true,true,false,true,false,true,true,true,false,true,false,true
2024-04-24T08:30:39.1608571Z,3.6990000000000003,5,5,true,true,false,false,true,true,true,false,true,false,true,true,true,false,true,false,true
2024-04-24T08:30:40.1609367Z,90.087,5,5,true,true,false,true,true,true,true,false,true,false,true,true,true,false,true,false,true
2024-04-24T08:30:41.1609562Z,89.999,5,5,true,true,false,true,true,true,true,false,true,false,true,true,true,false,true,false,true
2024-04-24T08:30:42.1609305Z,89.999,5,5,true,true,false,true,true,true,true,false,true,false,true,true,true,false,true,false,true
2024-04-24T08:30:43.1609795Z,89.999,5,5,true,true,false,true,true,true,true,false,true,false,true,true,true,false,true,false,true
2024-04-24T08:30:44.1609190Z,89.999,5,5,true,true,false,true,true,true,true,false,true,false,true,true,true,false,true,false,true
2024-04-24T08:30:45.1609816Z,89.999,5,98.792,true,true,false,true,true,true,true,false,true,false,true,true,true,false,false,false,true
2024-04-24T08:30:46.1609452Z,89.999,5,100,true,true,false,true,true,true,true,false,true,false,true,true,true,false,false,true,true
2024-04-24T08:30:47.1609435Z,89.999,5,100,true,true,false,true,true,true,true,false,true,false,true,true,true,false,false,true,true
2024-04-24T08:30:48.1608418Z,89.999,5,100,true,true,false,true,true,true,true,false,true,false,true,true,false,false,false,true,true
2024-04-24T08:30:49.1609249Z,89.999,5,100,true,true,false,true,true,true,true,false,true,false,true,true,false,true,false,true,true
2024-04-24T08:30:50.1609612Z,89.999,5,100,true,true,false,true,true,true,true,false,true,false,true,true,false,true,false,true,true
2024-04-24T08:30:51.1610553Z,89.999,5,100,true,true,false,true,true,true,true,false,true,false,true,true,false,true,false,true,true
2024-04-24T08:30:52.1609165Z,89.999,5,6.207,true,true,false,true,true,true,true,false,true,false,true,true,false,true,false,false,true
2024-04-24T08:30:53.1609677Z,89.999,5,5,true,true,false,true,true,true,true,false,true,false,true,true,false,true,true,false,true
2024-04-24T08:30:54.1610966Z,89.999,5,5,true,true,false,true,true,true,true,false,true,false,true,true,false,true,true,false,true
2024-04-24T08:30:55.1610269Z,89.999,5,5,true,true,false,true,true,true,true,false,true,false,true,true,false,true,true,false,true
2024-04-24T08:30:56.1611382Z,89.999,5,5,true,true,false,true,true,true,true,false,true,false,true,true,false,true,true,false,true
2024-04-24T08:30:57.1608809Z,89.999,5,5,true,true,false,true,true,true,true,false,true,false,true,true,false,true,true,false,true
2024-04-24T08:30:58.1610488Z,89.999,5,5,true,true,false,true,true,true,true,false,true,false,true,true,false,true,true,false,true
2024-04-24T08:30:59.1609686Z,89.999,5,5,true,true,false,true,true,true,true,false,true,false,true,true,false,true,true,false,true
2024-04-24T08:31:00.1609406Z,89.999,5,98.792,true,true,false,true,true,true,true,false,true,false,true,true,false,true,false,false,true
2024-04-24T08:31:01.1609480Z,89.999,5,100,true,true,false,true,true,true,true,false,true,false,true,true,false,true,false,true,true
2024-04-24T08:31:02.1610977Z,89.999,5,100,true,true,false,true,true,true,true,false,true,false,true,true,false,true,false,true,true
2024-04-24T08:31:03.1611610Z,89.999,5,100,true,true,false,true,true,true,true,false,true,false,true,true,false,false,false,true,true
2024-04-24T08:31:04.1610206Z,89.999,5,100,true,true,false,true,true,true,true,false,true,false,true,true,true,false,false,true,true
2024-04-24T08:31:05.1610120Z,89.999,5,100,true,true,false,true,true,true,true,false,true,false,true,true,true,false,false,true,true
2024-04-24T08:31:06.1608557Z,89.999,5,100,true,true,false,true,true,true,true,false,true,false,true,true,true,false,false,true,true
2024-04-24T08:31:07.1612631Z,89.999,5,6.207,true,true,false,true,true,true,true,false,true,false,true,true,true,false,false,false,true
2024-04-24T08:31:08.1612376Z,89.999,5,5,true,true,false,true,true,true,true,false,true,false,true,true,true,false,true,false,true
2024-04-24T08:31:09.1610303Z,89.999,5,5,true,true,false,true,true,true,true,false,true,false,true,true,true,false,true,false,true
2024-04-24T08:31:10.1610167Z,89.999,5,5,true,true,false,true,true,true,true,false,true,false,true,true,true,false,true,false,true
2024-04-24T08:31:11.1611190Z,89.999,5,5,true,true,false,true,true,true,true,false,true,false,true,true,true,false,true,false,true
2024-04-24T08:31:12.1610145Z,89.999,5,5,true,true,false,true,true,true,true,false,true,false,true,true,true,false,true,false,true
2024-04-24T08:31:13.1610534Z,89.999,5,5,true,true,false,true,true,true,true,false,true,false,true,true,true,false,true,false,true
2024-04-24T08:31:14.1612411Z,89.999,5,5,true,true,false,true,true,true,true,false,true,false,true,true,true,false,true,false,true
2024-04-24T08:31:15.1607920Z,89.999,5,5,true,true,false,true,true,true,true,false,true,false,true,true,true,false,true,false,true
2024-04-24T08:31:16.1612152Z,89.999,5,5,true,true,false,true,true,true,true,false,true,false,true,true,true,false,true,false,true
2024-04-24T08:31:17.1610278Z,183.699,5,5,true,true,false,false,true,true,true,false,true,false,true,true,true,false,true,false,true
2024-04-24T08:31:18.1611297Z,270.087,5,5,true,true,true,false,true,true,true,false,true,false,true,true,true,false,true,false,true
2024-04-24T08:31:19.1610139Z,270,5,5,true,true,true,false,true,true,true,false,true,false,true,true,true,false,true,false,true
2024-04-24T08:31:20.1610600Z,270,5,5,true,true,true,false,true,true,true,false,true,false,true,true,true,false,true,false,true
2024-04-24T08:31:21.1609075Z,270,5,5,true,true,true,false,true,true,true,false,true,false,true,true,true,false,true,false,true
2024-04-24T08:31:22.1609748Z,270,5,5,true,true,true,false,true,true,true,false,true,false,true,true,true,false,true,false,true
2024-04-24T08:31:23.1608861Z,270,98.792,5,true,true,true,false,true,true,true,false,false,false,true,true,true,false,true,false,true
2024-04-24T08:31:24.1609762Z,270,100,5,true,true,true,false,true,true,true,false,false,true,true,true,true,false,true,false,true
2024-04-24T08:31:25.1608750Z,270,100,5,true,true,true,false,true,true,true,false,false,true,true,true,true,false,true,false,true
2024-04-24T08:31:26.1612025Z,270,100,5,true,true,true,false,true,true,false,false,false,true,true,true,true,false,true,false,true
2024-04-24T08:31:27.1610780Z,270,100,5,true,true,true,false,true,true,false,true,false,true,true,true,true,false,true,false,true
2024-04-24T08:31:28.1611029Z,270,100,5,true,true,true,false,true,true,false,true,false,true,true,true,true,false,true,false,true
2024-04-24T08:31:29.1609645Z,270,100,5,true,true,true,false,true,true,false,true,false,true,true,true,true,false,true,false,true
2024-04-24T08:31:30.1609058Z,270,6.207,5,true,true,true,false,true,true,false,true,false,false,true,true,true,false,true,false,true
2024-04-24T08:31:31.1609312Z,270,5,5,true,true,true,false,true,true,false,true,true,false,true,true,true,false,true,false,true
2024-04-24T08:31:32.1610890Z,270,5,5,true,true,true,false,true,true,false,true,true,false,true,true,true,false,true,false,true
2024-04-24T08:31:33.1609530Z,270,5,5,true,true,true,false,true,true,false,true,true,false,true,true,true,false,true,false,true
2024-04-24T08:31:34.1609758Z,270,5,5,true,true,true,false,true,true,false,true,true,false,true,true,true,false,true,false,true
2024-04-24T08:31:35.1608852Z,270,5,5,true,true,true,false,true,true,false,true,true,false,true,true,true,false,true,false,true
2024-04-24T08:31:36.1609189Z,270,5,5,true,true,true,false,true,true,false,true,true,false,true,true,true,false,true,false,true
2024-04-24T08:31:37.1609299Z,270,5,5,true,true,true,false,true,true,false,true,true,false,true,true,true,false,true,false,true
2024-04-24T08:31:38.1608487Z,270,98.792,5,true,true,true,false,true,true,false,true,false,false,true,true,true,false,true,false,true
2024-04-24T08:31:39.1609040Z,270,100,5,true,true,true,false,true,true,false,true,false,true,true,true,true,false,true,false,true
2024-04-24T08:31:40.1609254Z,270,100,5,true,true,true,false,true,true,false,true,false,true,true,true,true,false,true,false,true
2024-04-24T08:31:41.1609242Z,270,100,5,true,true,true,false,true,true,false,false,false,true,true,true,true,false,true,false,true
2024-04-24T08:31:42.1609093Z,270,100,5,true,true,true,false,true,true,true,false,false,true,true,true,true,false,true,false,true
2024-04-24T08:31:43.1609578Z,270,100,5,true,true,true,false,true,true,true,false,false,true,true,true,true,false,true,false,true
2024-04-24T08:31:44.1612501Z,270,100,5,true,true,true,false,true,true,true,false,false,true,true,true,true,false,true,false,true
2024-04-24T08:31:45.1609187Z,270,6.207,5,true,true,true,false,true,true,true,false,false,false,true,true,true,false,true,false,true
2024-04-24T08:31:46.1610848Z,270,5,5,true,true,true,false,true,true,true,false,true,false,true,true,true,false,true,false,true
2024-04-24T08:31:47.1609425Z,270,5,5,true,true,true,false,true,true,true,false,true,false,true,true,true,false,true,false,true
2024-04-24T08:31:48.1609406Z,270,5,5,true,true,true,false,true,true,true,false,true,false,true,true,true,false,true,false,true
2024-04-24T08:31:49.1609232Z,270,5,5,true,true,true,false,true,true,true,false,true,false,true,true,true,false,true,false,true
2024-04-24T08:31:50.1609620Z,270,5,5,true,true,true,false,true,true,true,false,true,false,true,true,true,false,true,false,true
2024-04-24T08:31:51.1607850Z,3.6990000000000003,5,5,true,true,false,false,true,true,true,false,true,false,true,true,true,false,true,false,true
2024-04-24T08:31:52.1609514Z,90.087,5,5,true,true,false,true,true,true,true,false,true,false,true,true,true,false,true,false,true
2024-04-24T08:31:53.1609641Z,90,5,5,true,true,false,true,true,true,true,false,true,false,true,true,true,false,true,false,true
2024-04-24T08:31:54.1612451Z,90,5,5,true,true,false,true,true,true,true,false,true,false,true,true,true,false,true,false,true
2024-04-24T08:31:55.1609156Z,90,5,5,true,true,false,true,true,true,true,false,true,false,true,true,true,false,true,false,true
2024-04-24T08:31:56.1610088Z,90,5,5,true,true,false,true,true,true,true,false,true,false,true,true,true,false,true,false,true
2024-04-24T08:31:57.1609370Z,90,5,98.792,true,true,false,true,true,true,true,false,true,false,true,true,true,false,false,false,true
2024-04-24T08:31:58.1610329Z,90,5,100,true,true,false,true,true,true,true,false,true,false,true,true,true,false,false,true,true
2024-04-24T08:31:59.1611168Z,90,5,100,true,true,false,true,true,true,true,false,true,false,true,true,true,false,false,true,true
2024-04-24T08:32:00.1608272Z,90,5,100,true,true,false,true,true,true,true,false,true,false,true,true,false,false,false,true,true
2024-04-24T08:32:01.1610284Z,90,5,100,true,true,false,true,true,true,true,false,true,false,true,true,false,true,false,true,true
2024-04-24T08:32:02.1610410Z,90,5,100,true,true,false,true,true,true,true,false,true,false,true,true,false,true,false,true,true
2024-04-24T08:32:03.1609866Z,90,5,100,true,true,false,true,true,true,true,false,true,false,true,true,false,true,false,true,true
2024-04-24T08:32:04.1608781Z,90,5,6.207,true,true,false,true,true,true,true,false,true,false,true,true,false,true,false,false,true
2024-04-24T08:32:05.1609511Z,90,5,5,true,true,false,true,true,true,true,false,true,false,true,true,false,true,true,false,true
2024-04-24T08:32:06.1609187Z,90,5,5,true,true,false,true,true,true,true,false,true,false,true,true,false,true,true,false,true
2024-04-24T08:32:07.1610794Z,90,5,5,true,true,false,true,true,true,true,false,true,false,true,true,false,true,true,false,true
2024-04-24T08:32:08.1608679Z,90,5,5,true,true,false,true,true,true,true,false,true,false,true,true,false,true,true,false,true
2024-04-24T08:32:09.1608165Z,90,5,5,true,true,false,true,true,true,true,false,true,false,true,true,false,true,true,false,true
2024-04-24T08:32:10.1608662Z,90,5,5,true,true,false,true,true,true,true,false,true,false,true,true,false,true,true,false,true
2024-04-24T08:32:11.1610990Z,90,5,5,true,true,false,true,true,true,true,false,true,false,true,true,false,true,true,false,true
2024-04-24T08:32:12.1609519Z,90,5,98.792,true,true,false,true,true,true,true,false,true,false,true,true,false,true,false,false,true
2024-04-24T08:32:13.1609303Z,90,5,100,true,true,false,true,true,true,true,false,true,false,true,true,false,true,false,true,true
2024-04-24T08:32:14.1609434Z,90,5,100,true,true,false,true,true,true,true,false,true,false,true,true,false,true,false,true,true
2024-04-24T08:32:15.1610499Z,90,5,100,true,true,false,true,true,true,true,false,true,false,true,true,false,false,false,true,true
2024-04-24T08:32:16.1609193Z,90,5,100,true,true,false,true,true,true,true,false,true,false,true,true,true,false,false,true,true
2024-04-24T08:32:17.1609505Z,90,5,100,true,true,false,true,true,true,true,false,true,false,true,true,true,false,false,true,true
2024-04-24T08:32:18.1608058Z,90,5,100,true,true,false,true,true,true,true,false,true,false,true,true,true,false,false,true,true
2024-04-24T08:32:19.1608381Z,90,5,6.207,true,true,false,true,true,true,true,false,true,false,true,true,true,false,false,false,true
2024-04-24T08:32:20.1610291Z,90,5,5,true,true,false,true,true,true,true,false,true,false,true,true,true,false,true,false,true
2024-04-24T08:32:21.1609165Z,90,5,5,true,true,false,true,true,true,true,false,true,false,true,true,true,false,true,false,true
2024-04-24T08:32:22.1609656Z,90,5,5,true,true,false,true,true,true,true,false,true,false,true,true,true,false,true,false,true
2024-04-24T08:32:23.1608793Z,90,5,5,true,true,false,true,true,true,true,false,true,false,true,true,true,false,true,false,true
2024-04-24T08:32:24.1609292Z,90,5,5,true,true,false,true,true,true,true,false,true,false,true,true,true,false,true,false,true
2024-04-24T08:32:25.1609418Z,90,5,5,true,true,false,true,true,true,true,false,true,false,true,true,true,false,true,false,true
2024-04-24T08:32:26.1609248Z,90,5,5,true,true,false,true,true,true,true,false,true,false,true,true,true,false,true,false,true
2024-04-24T08:32:27.1608921Z,90,5,5,true,true,false,true,true,true,true,false,true,false,true,true,true,false,true,false,true
2024-04-24T08:32:28.1609059Z,90,5,5,true,true,false,true,true,true,true,false,true,false,true,true,true,false,true,false,true
2024-04-24T08:32:29.1610531Z,183.699,5,5,true,true,false,false,true,true,true,false,true,false,true,true,true,false,true,false,true
2024-04-24T08:32:30.1608619Z,270.087,5,5,true,true,true,false,true,true,true,false,true,false,true,true,true,false,true,false,true
2024-04-24T08:32:31.1610733Z,269.999,5,5,true,true,true,false,true,true,true,false,true,false,true,true,true,false,true,false,true
2024-04-24T08:32:32.1608912Z,269.999,5,5,true,true,true,false,true,true,true,false,true,false,true,true,true,false,true,false,true
2024-04-24T08:32:33.1609187Z,269.999,5,5,true,true,true,false,true,true,true,false,true,false,true,true,true,false,true,false,true
2024-04-24T08:32:34.1609255Z,269.999,5,5,true,true,true,false,true,true,true,false,true,false,true,true,true,false,true,false,true
2024-04-24T08:32:35.1609142Z,269.999,98.792,5,true,true,true,false,true,true,true,false,false,false,true,true,true,false,true,false,true
2024-04-24T08:32:36.1610141Z,269.999,100,5,true,true,true,false,true,true,true,false,false,true,true,true,true,false,true,false,true
2024-04-24T08:32:37.1609439Z,269.999,100,5,true,true,true,false,true,true,true,false,false,true,true,true,true,false,true,false,true
2024-04-24T08:32:38.1609427Z,269.999,100,5,true,true,true,false,true,true,false,false,false,true,true,true,true,false,true,false,true
2024-04-24T08:32:39.1609485Z,269.999,100,5,true,true,true,false,true,true,false,true,false,true,true,true,true,false,true,false,true
2024-04-24T08:32:40.1611830Z,269.999,100,5,true,true,true,false,true,true,false,true,false,true,true,true,true,false,true,false,true
2024-04-24T08:32:41.1609394Z,269.999,100,5,true,true,true,false,true,true,false,true,false,true,true,true,true,false,true,false,true
2024-04-24T08:32:42.1610856Z,269.999,6.207,5,true,true,true,false,true,true,false,true,false,false,true,true,true,false,true,false,true
2024-04-24T08:32:43.1607737Z,269.999,5,5,true,true,true,false,true,true,false,true,true,false,true,true,true,false,true,false,true
2024-04-24T08:32:44.1608547Z,269.999,5,5,true,true,true,false,true,true,false,true,true,false,true,true,true,false,true,false,true
2024-04-24T08:32:45.1607834Z,269.999,5,5,true,true,true,false,true,true,false,true,true,false,true,true,true,false,true,false,true
2024-04-24T08:32:46.1609421Z,269.999,5,5,true,true,true,false,true,true,false,true,true,false,true,true,true,false,true,false,true
2024-04-24T08:32:47.1610499Z,269.999,5,5,true,true,true,false,true,true,false,true,true,false,true,true,true,false,true,false,true
2024-04-24T08:32:48.1609159Z,269.999,5,5,true,true,true,false,true,true,false,true,true,false,true,true,true,false,true,false,true
2024-04-24T08:32:49.1609015Z,269.999,5,5,true,true,true,false,true,true,false,true,true,false,true,true,true,false,true,false,true
2024-04-24T08:32:50.1608874Z,269.999,98.792,5,true,true,true,false,true,true,false,true,false,false,true,true,true,false,true,false,true
2024-04-24T08:32:51.1609220Z,269.999,100,5,true,true,true,false,true,true,false,true,false,true,true,true,true,false,true,false,true
2024-04-24T08:32:52.1608686Z,269.999,100,5,true,true,true,false,true,true,false,true,false,true,true,true,true,false,true,false,true
2024-04-24T08:32:53.1608678Z,269.999,100,5,true,true,true,false,true,true,false,false,false,true,true,true,true,false,true,false,true
2024-04-24T08:32:54.1607607Z,269.999,100,5,true,true,true,false,true,true,true,false,false,true,true,true,true,false,true,false,true
2024-04-24T08:32:55.1608424Z,269.999,100,5,true,true,true,false,true,true,true,false,false,true,true,true,true,false,true,false,true
2024-04-24T08:32:56.1609135Z,269.999,100,5,true,true,true,false,true,true,true,false,false,true,true,true,true,false,true,false,true
2024-04-24T08:32:57.1609630Z,269.999,6.207,5,true,true,true,false,true,true,true,false,false,false,true,true,true,false,true,false,true
2024-04-24T08:32:58.1610448Z,269.999,5,5,true,true,true,false,true,true,true,false,true,false,true,true,true,false,true,false,true
2024-04-24T08:32:59.1608487Z,269.999,5,5,true,true,true,false,true,true,true,false,true,false,true,true,true,false,true,false,true
2024-04-24T08:33:00.1608591Z,269.999,5,5,true,true,true,false,true,true,true,false,true,false,true,true,true,false,true,false,true
2024-04-24T08:33:01.1608293Z,269.999,5,5,true,true,true,false,true,true,true,false,true,false,true,true,true,false,true,false,true
2024-04-24T08:33:02.1609021Z,269.999,5,5,true,true,true,false,true,true,true,false,true,false,true,true,true,false,true,false,true
2024-04-24T08:33:03.1608602Z,3.6990000000000003,5,5,true,true,false,false,true,true,true,false,true,false,true,true,true,false,true,false,true
2024-04-24T08:33:04.1609472Z,90.087,5,5,true,true,false,true,true,true,true,false,true,false,true,true,true,false,true,false,true
2024-04-24T08:33:05.1609565Z,90,5,5,true,true,false,true,true,true,true,false,true,false,true,true,true,false,true,false,true
2024-04-24T08:33:06.1609011Z,90,5,5,true,true,false,true,true,true,true,false,true,false,true,true,true,false,true,false,true
2024-04-24T08:33:07.1609423Z,90,5,5,true,true,false,true,true,true,true,false,true,false,true,true,true,false,true,false,true
2024-04-24T08:33:08.1609018Z,90,5,5,true,true,false,true,true,true,true,false,true,false,true,true,true,false,true,false,true
2024-04-24T08:33:09.1608093Z,90,5,98.792,true,true,false,true,true,true,true,false,true,false,true,true,true,false,false,false,true
2024-04-24T08:33:10.1608637Z,90,5,100,true,true,false,true,true,true,true,false,true,false,true,true,true,false,false,true,true
2024-04-24T08:33:11.1608507Z,90,5,100,true,true,false,true,true,true,true,false,true,false,true,true,true,false,false,true,true
2024-04-24T08:33:12.1610483Z,90,5,100,true,true,false,true,true,true,true,false,true,false,true,true,false,false,false,true,true
2024-04-24T08:33:13.1608803Z,90,5,100,true,true,false,true,true,true,true,false,true,false,true,true,false,true,false,true,true
2024-04-24T08:33:14.1608796Z,90,5,100,true,true,false,true,true,true,true,false,true,false,true,true,false,true,false,true,true
2024-04-24T08:33:15.1608680Z,90,5,100,true,true,false,true,true,true,true,false,true,false,true,true,false,true,false,true,true
2024-04-24T08:33:16.1608342Z,90,5,6.207,true,true,false,true,true,true,true,false,true,false,true,true,false,true,false,false,true
2024-04-24T08:33:17.1608659Z,90,5,5,true,true,false,true,true,true,true,false,true,false,true,true,false,true,true,false,true
2024-04-24T08:33:18.1608367Z,90,5,5,true,true,false,true,true,true,true,false,true,false,true,true,false,true,true,false,true
2024-04-24T08:33:19.1608532Z,90,5,5,true,true,false,true,true,true,true,false,true,false,true,true,false,true,true,false,true
2024-04-24T08:33:20.1607987Z,90,5,5,true,true,false,true,true,true,true,false,true,false,true,true,false,true,true,false,true
2024-04-24T08:33:21.1610147Z,90,5,5,true,true,false,true,true,true,true,false,true,false,true,true,false,true,true,false,true
2024-04-24T08:33:22.1608662Z,90,5,5,true,true,false,true,true,true,true,false,true,false,true,true,false,true,true,false,true
2024-04-24T08:33:23.1610353Z,90,5,5,true,true,false,true,true,true,true,false,true,false,true,true,false,true,true,false,true
2024-04-24T08:33:24.1608982Z,90,5,98.792,true,true,false,true,true,true,true,false,true,false,true,true,false,true,false,false,true
2024-04-24T08:33:25.1608575Z,90,5,100,true,true,false,true,true,true,true,false,true,false,true,true,false,true,false,true,true
2024-04-24T08:33:26.1608723Z,90,5,100,true,true,false,true,true,true,true,false,true,false,true,true,false,true,false,true,true
2024-04-24T08:33:27.1608714Z,90,5,100,true,true,false,true,true,true,true,false,true,false,true,true,false,false,false,true,true
2024-04-24T08:33:28.1608775Z,90,5,100,true,true,false,true,true,true,true,false,true,false,true,true,true,false,false,true,true
2024-04-24T08:33:29.1609078Z,90,5,100,true,true,false,true,true,true,true,false,true,false,true,true,true,false,false,true,true
2024-04-24T08:33:30.1607415Z,90,5,100,true,true,false,true,true,true,true,false,true,false,true,true,true,false,false,true,true
2024-04-24T08:33:31.1610079Z,90,5,6.207,true,true,false,true,true,true,true,false,true,false,true,true,true,false,false,false,true
2024-04-24T08:33:32.1609402Z,90,5,5,true,true,false,true,true,true,true,false,true,false,true,true,true,false,true,false,true
2024-04-24T08:33:33.1608635Z,90,5,5,true,true,false,true,true,true,true,false,true,false,true,true,true,false,true,false,true
2024-04-24T08:33:34.1608822Z,90,5,5,true,true,false,true,true,true,true,false,true,false,true,true,true,false,true,false,true
2024-04-24T08:33:35.1608523Z,90,5,5,true,true,false,true,true,true,true,false,true,false,true,true,true,false,true,false,true
2024-04-24T08:33:36.1608947Z,90,5,5,true,true,false,true,true,true,true,false,true,false,true,true,true,false,true,false,true
2024-04-24T08:33:37.1610918Z,90,5,5,true,true,false,true,true,true,true,false,true,false,true,true,true,false,true,false,true
2024-04-24T08:33:38.1609603Z,90,5,5,true,true,false,true,true,true,true,false,true,false,true,true,true,false,true,false,true
2024-04-24T08:33:39.1608621Z,90,5,5,true,true,false,true,true,true,true,false,true,false,true,true,true,false,true,false,true
2024-04-24T08:33:40.1610473Z,90,5,5,true,true,false,true,true,true,true,false,true,false,true,true,true,false,true,false,true
2024-04-24T08:33:41.1609372Z,183.699,5,5,true,true,false,false,true,true,true,false,true,false,true,true,true,false,true,false,true
2024-04-24T08:33:42.1608633Z,270.087,5,5,true,true,true,false,true,true,true,false,true,false,true,true,true,false,true,false,true
2024-04-24T08:33:43.1608342Z,270,5,5,true,true,true,false,true,true,true,false,true,false,true,true,true,false,true,false,true
2024-04-24T08:33:44.1608163Z,270,5,5,true,true,true,false,true,true,true,false,true,false,true,true,true,false,true,false,true
2024-04-24T08:33:45.1609632Z,270,5,5,true,true,true,false,true,true,true,false,true,false,true,true,true,false,true,false,true
2024-04-24T08:33:46.1608315Z,270,5,5,true,true,true,false,true,true,true,false,true,false,true,true,true,false,true,false,true
2024-04-24T08:33:47.1608011Z,270,98.792,5,true,true,true,false,true,true,true,false,false,false,true,true,true,false,true,false,true
2024-04-24T08:33:48.1606921Z,270,100,5,true,true,true,false,true,true,true,false,false,true,true,true,true,false,true,false,true
2024-04-24T08:33:49.1608735Z,270,100,5,true,true,true,false,true,true,true,false,false,true,true,true,true,false,true,false,true
2024-04-24T08:33:50.1607792Z,270,100,5,true,true,true,false,true,true,false,false,false,true,true,true,true,false,true,false,true
2024-04-24T08:33:51.1608347Z,270,100,5,true,true,true,false,true,true,false,true,false,true,true,true,true,false,true,false,true
2024-04-24T08:33:52.1609545Z,270,100,5,true,true,true,false,true,true,false,true,false,true,true,true,true,false,true,false,true
2024-04-24T08:33:53.1608875Z,270,100,5,true,true,true,false,true,true,false,true,false,true,true,true,true,false,true,false,true
2024-04-24T08:33:54.1610020Z,270,6.207,5,true,true,true,false,true,true,false,true,false,false,true,true,true,false,true,false,true
2024-04-24T08:33:55.1607309Z,270,5,5,true,true,true,false,true,true,false,true,true,false,true,true,true,false,true,false,true
2024-04-24T08:33:56.1607752Z,270,5,5,true,true,true,false,true,true,false,true,true,false,true,true,true,false,true,false,true
2024-04-24T08:33:57.1608421Z,270,5,5,true,true,true,false,true,true,false,true,true,false,true,true,true,false,true,false,true
2024-04-24T08:33:58.1608200Z,270,5,5,true,true,true,false,true,true,false,true,true,false,true,true,true,false,true,false,true
2024-04-24T08:33:59.1607834Z,270,5,5,true,true,true,false,true,true,false,true,true,false,true,true,true,false,true,false,true
